alpha,precision,recall, f1
30,52,37,43.2359550562
31,55.3077404089,36,43.6124833624
32,55.8503904417,35,44.1553953256
33,56.0797332842,35,43.100492155
34,59.7973486483,35,43.0325870028
35,65.7775768535,35,45.6890364256
36,66.8306385148,32,44.9891749922
37,68.2476316728,33,44.4883857132
38,73.1987620825,32,43.2776811849
39,75.7280969741,30,42.5579303116
40,77,20,31.7525773196
